ruleset,run,warmup,onto_load_s,data_load_s,total_load_s,explicit,inferred,total,inferred_ratio,consistent,error
empty,1,True,2.906,0.0,2.906,39253,0,39253,0.0,True,
empty,2,False,3.566,0.0,3.566,39253,0,39253,0.0,True,
rdfs-optimized,1,True,4.785,0.0,4.785,39253,38918,78171,0.991,True,
rdfs-optimized,2,False,4.698,0.0,4.698,39253,38918,78171,0.991,True,
owl2-ql-optimized,1,True,19.412,0.0,19.412,39253,73935,113188,1.884,True,
owl2-ql-optimized,2,False,16.567,0.0,16.567,39253,73935,113188,1.884,True,
owl-horst-optimized,1,True,15.728,0.0,15.728,39253,66568,105821,1.696,True,
owl-horst-optimized,2,False,15.07,0.0,15.07,39253,66568,105821,1.696,True,
owl-max-optimized,1,True,47.421,0.0,47.421,39253,84959,124212,2.164,True,
owl-max-optimized,2,False,39.688,0.0,39.688,39253,84959,124212,2.164,True,
owl2-rl-optimized,1,True,52.303,0.0,52.303,39253,116631,155884,2.971,True,
owl2-rl-optimized,2,False,49.197,0.0,49.197,39253,116631,155884,2.971,True,
